planter_id,first_name,last_name,email,organization,phone,gender,country_name,continent_name,created_at
1,Danielle,Johnson,john21@example.net,Zanmi Latè,001-581-896-0013x3890,female,Belize,North America,2024-07-19 12:07:29
2,Shane,Ramirez,,Zanmi Latè,,,Belize,North America,2023-08-22 03:47:38
3,Katherine,Moore,,FCCYAR,,,India,Asia,2025-05-29 13:42:34
4,Matthew,Moore,curtis61@example.com,FCCFED,,male,India,Asia,2025-01-27 09:06:05
5,Cassandra,Roman,,YARDO,001-278-516-1849x5931,male,India,Asia,2024-11-03 14:40:04
6,Tracie,Wyatt,,FCCCAN,664-375-2553,male,Kenya,Africa,2026-03-15 07:33:09
7,Cynthia,Ferguson,frankgray@example.net,FCCYAR,001-783-550-3056x413,,Uganda,Africa,2026-05-26 06:01:38
8,Victor,Wilkerson,,FCCYAR,+1-772-542-3884x9696,female,Sierra Leone,Africa,2024-03-13 22:53:02
9,William,Davis,callahaneric@example.org,FCCCAN,+1-669-716-6978x48018,male,Cameroon,Africa,2024-02-01 08:28:09
10,Kelly,Moore,,FCCCAN,,female,Cameroon,Africa,2023-08-17 02:29:48
11,Stephanie,Liu,,Zanmi Latè,,male,India,Asia,2024-09-24 05:21:29
12,Teresa,Gill,,FCCFED,914.289.3252x88095,male,Cameroon,Africa,2024-02-01 20:14:01
13,Sarah,Koch,,Zanmi Latè,430-639-1171x8227,male,India,Asia,2025-11-08 18:36:26
14,Monique,Henderson,sarahcampos@example.net,YADO,546.357.8713,male,Cameroon,Africa,2025-01-18 06:14:46
15,Andrew,Spencer,,FCC,001-330-510-3105,,Uganda,Africa,2024-10-17 15:53:15
16,Elizabeth,Lewis,,YARDO,(399)873-7631,,Philippines,Asia,2025-02-12 10:40:24
17,Rodney,Owens,,FCC,,male,India,Asia,2023-11-04 05:09:03
18,Emily,Joyce,brownjessica@example.org,FCC,,male,Sierra Leone,Africa,2024-09-01 08:04:58
19,James,Herrera,,FCCYAR,(362)247-3178,female,Kenya,Africa,2026-05-21 03:13:35
20,Yvette,Huff,,FCC,432-867-7360,,Cameroon,Africa,2023-08-15 09:51:39
21,Tricia,Baker,,Zanmi Latè,246.787.2343x098,male,India,Asia,2023-11-08 20:46:43
22,Brendan,Woods,,YADO,220.381.2191x36193,female,Kenya,Africa,2025-05-24 07:20:25
23,Diane,Cunningham,sarah35@example.org,FCCYAR,362-547-5107x991,female,Philippines,Asia,2025-10-05 22:15:04
24,Joseph,Mahoney,,FCCYAR,235-642-7849,male,Belize,North America,2026-06-07 14:25:36
25,Dale,Humphrey,,FCCYAR,,female,Cameroon,Africa,2024-09-25 21:30:25
26,Darrell,Rodriguez,,FCCCAN,+1-924-649-3534,male,India,Asia,2023-10-29 23:25:22
27,Christopher,Henderson,,YARDO,,male,Philippines,Asia,2024-10-14 20:53:21
28,Bradley,Cook,,FCCCAN,(342)478-6801,,Kenya,Africa,2025-12-06 14:34:59
29,Barry,Wood,,FCCCAN,+1-526-520-4505,male,Sierra Leone,Africa,2026-06-13 02:34:57
30,Curtis,Deleon,vdickson@example.org,FCCFED,,male,Uganda,Africa,2024-08-13 19:42:36
31,Michelle,Cherry,,FCC,(360)825-6342,male,Uganda,Africa,2023-10-11 05:15:38
32,Michele,Walker,ybailey@example.org,Zanmi Latè,,female,Philippines,Asia,2024-07-23 08:41:42
33,Andrew,Lee,,FCCYAR,,male,Uganda,Africa,2025-01-02 23:59:43
34,Joshua,Jones,,FCC,001-345-886-8501x42940,male,Kenya,Africa,2025-01-30 01:39:08
35,Jessica,Edwards,cruzbarbara@example.com,YADO,7607883561,female,Cameroon,Africa,2026-06-07 14:22:49
36,Melanie,Cortez,,FCC,,,Philippines,Asia,2024-11-20 14:19:42
37,William,Estrada,,YARDO,264-682-3662x99468,female,India,Asia,2024-10-30 18:25:17
38,Jason,Floyd,,FCCCAN,+1-757-377-3872x148,female,Uganda,Africa,2024-08-10 22:02:19
39,Emily,Walker,,FCCYAR,820.503.7917,male,Belize,North America,2026-07-28 19:28:15
40,Patrick,Ross,,FCCCAN,(501)363-2870,male,Uganda,Africa,2025-07-21 03:37:59
41,Dennis,Marshall,,FCC,,female,Belize,North America,2025-11-14 03:32:04
42,Vanessa,Larson,usalazar@example.net,FCCCAN,(387)627-7434x87347,male,Philippines,Asia,2024-08-10 08:03:25
43,Joseph,Flores,taylorjesse@example.net,FCCCAN,(231)566-5876,male,Kenya,Africa,2025-05-25 17:35:18
44,Perry,Carrillo,,Zanmi Latè,001-509-967-0546x688,male,Sierra Leone,Africa,2024-07-17 22:08:03
45,Joshua,Tucker,rrogers@example.com,FCCFED,001-427-929-8069x9016,,India,Asia,2024-05-20 08:51:07
46,Brent,Gray,,FCCFED,975.256.4641,female,Kenya,Africa,2025-11-27 00:30:09
47,Brett,Crane,,YADO,510.403.3092,,Sierra Leone,Africa,2025-08-16 17:08:19
48,Elizabeth,Elliott,,FCC,674.352.9912,female,Kenya,Africa,2026-01-27 00:26:00
49,Anthony,Collins,tsanders@example.org,YADO,793-814-9190,female,Kenya,Africa,2026-06-04 16:48:21
50,Mitchell,Hunter,alexander67@example.org,FCCCAN,(657)726-2849x87769,female,Kenya,Africa,2024-08-27 10:13:33
51,Mariah,Miller,,FCC,537.799.6507x527,male,Kenya,Africa,2024-09-16 09:34:43
52,Matthew,Beard,,YADO,001-948-908-3136x783,,Uganda,Africa,2025-07-08 06:39:39
53,Laura,Davis,richardsanchez@example.net,FCC,001-757-988-5685,male,India,Asia,2024-10-05 21:59:57
54,Kristopher,Hall,leslienewton@example.net,FCC,(333)574-9894,female,Belize,North America,2024-11-14 06:22:17
55,Jeremy,White,,YADO,9823400842,,Uganda,Africa,2023-08-31 02:47:24
56,Audrey,Harrison,dpeterson@example.com,FCCYAR,511.367.1902x2941,male,Kenya,Africa,2025-12-25 23:58:24
57,Kathy,Obrien,,FCC,,female,Sierra Leone,Africa,2026-03-29 17:48:36
58,Jeremiah,Mills,,FCC,,,Kenya,Africa,2025-07-11 21:53:57
59,Rebekah,Evans,ntorres@example.org,YARDO,+1-213-834-1232x812,female,Uganda,Africa,2025-07-11 21:29:53
60,Hannah,Harrison,halljasmine@example.net,FCC,413.349.3618x324,female,Philippines,Asia,2023-11-12 16:58:12
61,Gabriel,Parker,scott74@example.net,Zanmi Latè,(248)387-7190x6594,male,India,Asia,2024-08-01 16:25:24
62,Suzanne,Huff,,FCCFED,001-990-649-0278,,Sierra Leone,Africa,2024-05-19 23:54:30
63,Wendy,Graham,ecosta@example.com,YADO,,female,Cameroon,Africa,2025-05-07 09:49:23
64,Mathew,Santiago,,Zanmi Latè,(356)774-6807,,Uganda,Africa,2024-09-07 03:36:50
65,Marcus,Cordova,ahancock@example.net,FCC,+1-976-203-8597,male,Sierra Leone,Africa,2024-06-23 06:42:14
66,Joseph,Anderson,,FCCFED,377-510-9324x8086,,Philippines,Asia,2024-02-04 07:38:23
67,Steven,Wilson,,Zanmi Latè,(974)484-6773,female,Philippines,Asia,2025-03-29 22:37:33
68,James,Greene,,YADO,001-921-446-5840x4499,,Sierra Leone,Africa,2025-07-05 17:59:46
69,Amanda,Reed,,FCCFED,,female,Belize,North America,2025-12-16 10:28:31
70,Kathryn,Bennett,,FCCFED,233-496-3605x76627,male,Uganda,Africa,2025-09-30 08:16:26
71,Tammy,Rivera,sawyerscott@example.net,FCC,,,Cameroon,Africa,2025-07-21 21:00:58
72,Alexis,Thomas,,YARDO,+1-921-274-5961x5865,female,Uganda,Africa,2026-03-28 06:03:36
73,Casey,Welch,wendy16@example.org,Zanmi Latè,,male,India,Asia,2026-04-22 13:20:03
74,Jane,Garcia,,FCCYAR,(840)405-0455,female,India,Asia,2024-08-25 09:50:34
75,Amanda,Knight,georgemiller@example.com,FCCFED,+1-637-492-3747x407,female,Philippines,Asia,2023-12-04 19:16:26
76,Scott,Reed,,FCCFED,,male,Belize,North America,2026-02-09 19:45:49
77,Kevin,Hayden,,Zanmi Latè,001-647-643-6713x695,male,Philippines,Asia,2023-09-15 03:28:12
78,Tiffany,Barrett,alan09@example.net,Zanmi Latè,,female,Cameroon,Africa,2025-09-21 16:50:17
79,Marissa,Leach,,YARDO,001-739-453-3942x10470,female,Sierra Leone,Africa,2023-12-30 01:55:06
80,Renee,Murphy,,YARDO,(323)928-5884x24745,male,Belize,North America,2023-12-07 00:51:59
81,Donald,Levy,zcoffey@example.net,FCC,(716)304-8175x496,male,Kenya,Africa,2026-06-25 09:13:59
82,Jesus,Johnson,,YADO,+1-459-231-7461,male,Belize,North America,2023-10-08 20:52:17
83,Kevin,Vasquez,youngamanda@example.com,YARDO,258.769.2617x964,male,Cameroon,Africa,2024-07-14 13:54:13
84,Scott,Sampson,,FCCFED,(515)285-0643x171,female,Uganda,Africa,2023-10-29 15:12:22
85,Kristin,Sanchez,,FCCFED,(793)418-3933,female,Cameroon,Africa,2026-02-22 21:18:31
86,Aaron,Garrison,,YARDO,,male,Sierra Leone,Africa,2024-03-23 19:51:41
87,Vanessa,Fernandez,danieldelacruz@example.org,FCCCAN,4538950240,,Belize,North America,2025-11-06 07:23:34
88,Daniel,Brown,,FCCCAN,,,India,Asia,2025-07-08 10:24:50
89,Kimberly,Palmer,hayesjeffrey@example.net,FCCYAR,3849700766,female,Kenya,Africa,2025-07-01 02:42:18
90,Charles,Miller,,YARDO,,male,Kenya,Africa,2026-03-14 00:28:28
91,Eddie,Martinez,,FCCYAR,+1-398-356-9847x896,female,Philippines,Asia,2026-05-25 02:58:15
92,Debra,Mack,russellbeasley@example.com,FCCFED,376-361-5654x52711,male,Philippines,Asia,2025-06-12 23:01:35
93,Colin,Rodgers,,YARDO,(780)898-8516,,Belize,North America,2023-10-30 23:33:05
94,Tanya,Burke,,YARDO,,male,India,Asia,2025-02-08 07:49:22
95,Dale,Romero,,FCCYAR,(573)815-8514,male,Sierra Leone,Africa,2025-12-30 11:49:11
96,Terri,Cardenas,,Zanmi Latè,+1-480-494-0244x550,,Cameroon,Africa,2026-01-07 19:29:00
97,Diane,Jones,,Zanmi Latè,001-301-283-6675x2545,male,Sierra Leone,Africa,2024-04-09 17:56:31
98,Eric,Williamson,,FCCCAN,+1-814-376-7976x43815,male,Sierra Leone,Africa,2024-10-25 01:41:47
99,Erika,Watkins,,FCCCAN,,,Kenya,Africa,2025-11-07 15:01:48
100,Elizabeth,Williams,,FCCCAN,(990)803-4324x4510,,India,Asia,2024-05-10 23:52:47
101,David,Patel,,YARDO,,female,Kenya,Africa,2024-08-03 12:39:07
102,Vincent,Whitaker,,FCCCAN,(816)806-0715x969,female,India,Asia,2024-11-03 19:24:43
103,Darius,Smith,,FCCFED,829-675-1613x69681,,Belize,North America,2025-01-20 11:28:31
104,Jeffrey,Maxwell,,Zanmi Latè,581-388-3552,female,Cameroon,Africa,2024-03-26 13:20:20
105,Jonathan,Thompson,,FCCFED,(712)777-9979,,Belize,North America,2024-04-02 13:36:09
106,Scott,Harrison,,YARDO,,male,Uganda,Africa,2026-04-18 21:14:46
107,Kevin,Hill,bellcharles@example.com,YARDO,200.954.1199x867,male,Kenya,Africa,2026-01-16 02:24:31
108,Denise,Morris,,FCCCAN,,,Philippines,Asia,2025-08-19 22:14:17
109,Walter,Rosario,vgarcia@example.net,YADO,482-703-7788,female,Philippines,Asia,2025-03-13 06:25:55
110,Samantha,Hughes,,FCCYAR,,male,India,Asia,2025-01-18 16:44:39
111,Erika,Williams,,YARDO,+1-451-751-8644x9251,female,Uganda,Africa,2024-12-05 23:46:48
112,Tammy,Hale,,YARDO,(729)214-8652x8168,female,India,Asia,2025-02-25 08:07:25
113,Kyle,Bean,,YADO,473-832-2141x88805,female,Kenya,Africa,2024-04-07 16:27:45
114,Francis,Guerra,jenniferwilliams@example.com,YADO,+1-937-994-7383x47359,,Sierra Leone,Africa,2024-10-22 18:42:51
115,Kimberly,Shaw,mburch@example.net,YARDO,(640)375-8181,male,Philippines,Asia,2024-04-17 02:22:47
116,Joshua,Whitehead,mariahdavis@example.org,YARDO,,female,Philippines,Asia,2025-07-12 20:46:23
117,Nicole,Arias,,FCC,,male,Sierra Leone,Africa,2025-05-17 13:58:50
118,Brian,Shaw,,YADO,461.453.0515,female,Sierra Leone,Africa,2023-10-10 13:32:57
119,Justin,Gallegos,,YADO,001-827-379-0104x328,female,Kenya,Africa,2024-11-01 14:42:29
120,John,Martinez,,FCCFED,269.571.1798,male,Cameroon,Africa,2024-03-22 02:26:07
121,Kelly,Smith,,FCC,,female,India,Asia,2025-02-10 03:26:17
122,John,Butler,,FCC,+1-818-751-8888x80670,female,Belize,North America,2024-09-09 02:16:11
123,Julie,Kelly,,FCCYAR,753-419-5205,,Philippines,Asia,2026-07-10 16:19:08
124,Steven,Dominguez,,FCCFED,,,Philippines,Asia,2026-04-19 10:19:20
125,Ian,Taylor,,Zanmi Latè,001-970-643-0305x486,female,Kenya,Africa,2023-10-07 22:49:26
126,Karen,Lee,michelle05@example.com,FCC,956-767-6527,female,Cameroon,Africa,2025-10-26 17:30:35
127,Joseph,Miller,mmiller@example.org,FCCYAR,+1-845-411-5447,male,Sierra Leone,Africa,2026-07-18 13:47:55
128,Scott,West,,FCC,,male,Sierra Leone,Africa,2025-02-09 17:51:59
129,Christina,Graham,jonesdana@example.com,Zanmi Latè,220.429.7021x35569,,India,Asia,2026-07-01 22:46:16
130,Shannon,Watson,khines@example.org,YARDO,656.654.3102x78681,male,Belize,North America,2026-08-09 17:56:05
131,Sean,Davies,,YADO,,male,Philippines,Asia,2024-10-28 16:34:49
132,Heather,Lutz,,FCC,712.317.2715,male,India,Asia,2025-12-13 10:52:57
133,Amber,Vance,,FCCFED,(925)283-1323,female,Belize,North America,2025-02-22 16:42:01
134,Angela,Wood,,FCCCAN,+1-829-811-4678,,Kenya,Africa,2026-01-21 03:20:50
135,Charles,Compton,coleerin@example.com,FCC,(489)622-6801,female,Uganda,Africa,2024-04-23 20:21:49
136,Fernando,Donovan,michaeleverett@example.com,YARDO,343-484-2498,,Belize,North America,2026-02-16 09:43:14
137,Shelly,Moore,,FCCCAN,+1-299-959-0010x94396,female,Belize,North America,2026-04-12 07:52:18
138,Amy,May,,FCCYAR,,female,Cameroon,Africa,2024-11-23 08:23:15
139,Timothy,Ballard,,Zanmi Latè,+1-464-771-0276x77359,female,Sierra Leone,Africa,2024-12-20 02:28:50
140,Jessica,Valencia,,YARDO,,,Kenya,Africa,2025-04-22 10:44:07
141,David,Wood,floressteven@example.com,FCCCAN,732.510.4696x325,,Cameroon,Africa,2024-04-15 14:13:06
142,Tyrone,Robertson,,YADO,247.601.6873x3950,male,Philippines,Asia,2025-09-18 20:29:45
143,Carla,Cameron,,Zanmi Latè,,male,Kenya,Africa,2026-06-21 18:53:17
144,Thomas,Herrera,,FCCCAN,,male,Uganda,Africa,2024-01-26 01:17:04
145,Ryan,Khan,kathryn50@example.com,FCCYAR,9986358416,male,Kenya,Africa,2026-04-06 05:37:58
146,Erin,Wilson,,YARDO,,male,Cameroon,Africa,2024-01-09 06:02:59
147,Phillip,Norton,,YADO,,female,Philippines,Asia,2025-01-19 19:31:08
148,Angela,Diaz,jameshicks@example.net,FCC,4007257872,female,Cameroon,Africa,2026-03-21 10:20:20
149,Lucas,Long,,Zanmi Latè,+1-749-758-8879x470,male,Sierra Leone,Africa,2026-06-23 18:49:33
150,Daniel,Butler,,YARDO,,,Uganda,Africa,2024-12-02 00:33:49
151,Laura,Swanson,,FCCCAN,,male,Sierra Leone,Africa,2026-07-15 21:37:45
152,Crystal,Carlson,,FCCCAN,599-230-9728x962,female,Uganda,Africa,2026-01-17 12:28:10
153,Stacy,Rodriguez,,FCCYAR,,female,Philippines,Asia,2023-09-10 11:32:20
154,Scott,Barnes,avaughn@example.net,FCCYAR,001-997-702-8385x78652,male,Belize,North America,2025-12-07 16:02:40
155,Michael,Ingram,,FCCYAR,,male,Cameroon,Africa,2026-07-04 13:32:56
156,Dawn,Steele,,Zanmi Latè,+1-773-934-8434x437,male,Philippines,Asia,2025-02-03 21:49:39
157,Ann,Michael,,FCC,001-344-719-8665x2404,female,Cameroon,Africa,2025-06-29 06:28:46
158,Diana,Burgess,,FCC,538.548.4219,male,India,Asia,2023-10-29 22:10:30
159,Elizabeth,Schmidt,briangutierrez@example.net,Zanmi Latè,212.308.2677x3454,male,Belize,North America,2026-05-21 08:57:43
160,Audrey,Nichols,,YARDO,001-302-762-0672x4004,female,Kenya,Africa,2024-10-27 02:43:48
161,Shawn,Davidson,,FCCYAR,772.687.4315x27420,female,Cameroon,Africa,2026-01-10 01:55:15
162,Emily,Lee,,YARDO,,male,Sierra Leone,Africa,2026-03-18 03:32:14
163,Melissa,Prince,frobertson@example.com,YADO,,male,India,Asia,2026-06-16 17:10:10
164,Cody,Holden,pmorris@example.org,FCCYAR,563-274-5499x045,male,Belize,North America,2026-06-14 10:22:25
165,David,Parker,tparks@example.com,YADO,001-714-859-3327x279,,India,Asia,2026-08-06 11:44:59
166,Andrea,Ruiz,,YADO,,male,India,Asia,2025-11-24 01:36:52
167,Laurie,Petersen,erinlarson@example.org,FCCFED,478.751.9108x83982,female,Kenya,Africa,2025-10-28 09:14:29
168,Scott,Frazier,gdavis@example.com,YARDO,,male,Kenya,Africa,2023-11-06 11:45:21
169,Shawn,Palmer,,FCCCAN,,male,Kenya,Africa,2025-07-21 16:11:03
170,Anne,Hansen,jennifer64@example.org,YADO,001-639-810-6518x0170,male,Cameroon,Africa,2024-05-17 15:41:34
171,Kayla,Cannon,,FCCYAR,,male,India,Asia,2026-05-11 09:41:05
172,Tamara,Brooks,,FCCFED,(476)561-8251x2868,male,Cameroon,Africa,2023-08-17 10:59:47
173,Katelyn,Good,,Zanmi Latè,386.286.3375x243,female,Cameroon,Africa,2026-06-02 15:27:23
174,Robert,Miranda,,YADO,2335119079,male,Kenya,Africa,2023-10-19 18:46:03
175,Richard,Young,karenparsons@example.org,FCCCAN,643.695.9953x42836,male,Sierra Leone,Africa,2023-11-14 18:10:05
176,Angela,Vargas,conniesimmons@example.com,FCCCAN,8564856624,,Kenya,Africa,2025-11-24 16:55:19
177,Thomas,Atkinson,,YARDO,,female,Uganda,Africa,2024-11-21 05:46:08
178,Meredith,Thomas,jmelendez@example.com,FCCYAR,,,Uganda,Africa,2025-05-20 02:02:29
179,Angela,Anderson,,YADO,543.251.7518,,Kenya,Africa,2024-10-02 02:28:34
180,Nicholas,Jacobs,,Zanmi Latè,6132983735,,Sierra Leone,Africa,2024-07-06 02:16:07
181,Sharon,Hayden,,Zanmi Latè,673-893-6385,female,Philippines,Asia,2025-08-05 08:34:47
182,Amanda,Howard,michael77@example.org,Zanmi Latè,001-875-635-5609x3204,male,Sierra Leone,Africa,2024-04-04 19:48:43
183,James,Hall,,YADO,001-437-785-4777,female,Kenya,Africa,2024-05-01 00:11:09
184,Donald,Payne,,Zanmi Latè,(480)580-1006,female,Cameroon,Africa,2023-11-25 15:31:52
185,Jasmine,Smith,nbrooks@example.net,FCCCAN,+1-697-270-0886x00848,female,Uganda,Africa,2025-09-30 05:28:24
186,Lisa,Craig,,Zanmi Latè,,male,Philippines,Asia,2024-05-16 13:03:18
187,Daniel,Davis,johnharvey@example.com,FCCYAR,(246)315-6793x341,male,Cameroon,Africa,2025-05-02 15:22:22
188,Nicholas,Tran,,FCCCAN,2025176591,female,Philippines,Asia,2024-07-05 11:42:06
189,Rachel,Schwartz,enelson@example.net,YARDO,689-402-5039x261,male,Belize,North America,2026-01-04 03:23:18
190,John,Davenport,irhodes@example.com,Zanmi Latè,(821)785-0163x1599,female,Philippines,Asia,2023-09-27 02:01:38
191,Cynthia,Bowers,,YARDO,673.558.6629x619,,Cameroon,Africa,2023-12-04 06:01:50
192,Christopher,Moore,,Zanmi Latè,001-326-455-1104x754,,Uganda,Africa,2023-12-25 16:10:46
193,Jacob,Cole,fgarcia@example.com,YADO,,male,India,Asia,2025-12-20 00:18:53
194,Christopher,George,,FCCCAN,460-646-6183x98262,female,India,Asia,2024-11-21 20:29:24
195,Joseph,Thomas,ryanfisher@example.com,FCCFED,354-437-9937,male,Philippines,Asia,2024-11-27 07:58:34
196,Adam,Foster,,YARDO,,,Sierra Leone,Africa,2026-04-01 11:56:36
197,Noah,Atkins,,YADO,,male,Kenya,Africa,2025-06-25 22:12:10
198,Matthew,Ochoa,,FCC,+1-992-545-9375x2654,male,India,Asia,2024-12-30 07:25:20
199,Nicholas,Velasquez,,YARDO,(651)393-9828x0737,female,Kenya,Africa,2025-05-08 15:24:24
200,Emily,Taylor,john26@example.com,YARDO,279-779-6886,male,Cameroon,Africa,2026-08-06 00:19:29
201,Paula,Herrera,,FCCYAR,+1-211-335-2909x6561,female,India,Asia,2024-09-16 23:58:06
202,Jeffrey,Burgess,seanmyers@example.net,FCC,001-382-350-7146,male,Kenya,Africa,2024-03-19 03:32:10
203,Michael,Cooper,,FCC,387.657.1775,male,Kenya,Africa,2023-10-20 11:24:27
204,Lisa,Wilson,,Zanmi Latè,,male,Sierra Leone,Africa,2025-01-26 00:22:32
205,Deborah,Byrd,,Zanmi Latè,(938)528-2586,female,Cameroon,Africa,2025-05-02 06:45:56
206,Crystal,Lopez,,FCCCAN,+1-366-309-3796x60334,male,India,Asia,2025-11-23 02:10:33
207,Jacob,Nguyen,,YARDO,714.778.5969x691,male,Belize,North America,2025-07-23 07:46:57
208,Christina,Cervantes,,YADO,,male,Kenya,Africa,2024-11-16 03:02:59
209,Samantha,Lawrence,lawrenceallen@example.org,FCCYAR,,female,Uganda,Africa,2024-05-22 09:53:49
210,Nathaniel,Thomas,,YADO,(969)629-6627x8282,male,Belize,North America,2024-03-17 00:08:12
211,Jacob,Wilkinson,glennstephanie@example.com,FCCCAN,,,Uganda,Africa,2024-03-11 03:53:09
212,James,Cruz,fortiz@example.com,FCCFED,,female,Belize,North America,2025-07-01 13:29:42
213,Tracy,Miller,flynnjeffrey@example.org,Zanmi Latè,,female,India,Asia,2024-10-12 00:45:44
214,Jeffrey,Roberts,,FCC,,male,Philippines,Asia,2025-07-22 11:40:47
215,Ariel,Barton,,YADO,588.819.1485x8078,female,Kenya,Africa,2024-01-18 03:51:51
216,Jill,Valdez,,Zanmi Latè,540.574.5171,,Kenya,Africa,2026-02-10 08:53:39
217,Hannah,Callahan,,YADO,+1-462-792-3309x584,male,Uganda,Africa,2026-08-09 18:31:46
218,Kelly,Armstrong,,YADO,,,Philippines,Asia,2025-10-19 04:17:00
219,Tricia,Shelton,,FCC,,male,Belize,North America,2024-01-06 23:45:15
220,Derek,Brady,rsellers@example.net,YARDO,(623)825-3672,,Philippines,Asia,2025-03-16 20:56:27
221,Shannon,Schultz,,FCCYAR,,male,Belize,North America,2024-01-03 16:19:40
222,Richard,Brady,,FCCCAN,001-857-575-9017x518,male,Belize,North America,2025-06-09 11:45:30
223,Mallory,Simpson,,YARDO,,,Uganda,Africa,2024-12-25 14:47:16
224,Maria,Morgan,ashleewashington@example.com,FCC,+1-600-417-0127x70632,female,Uganda,Africa,2024-10-10 17:41:19
225,Clarence,Ward,,FCC,352-206-4361,female,Uganda,Africa,2024-07-08 14:25:15
226,Thomas,Anderson,,YARDO,987.300.5162,male,Sierra Leone,Africa,2024-08-01 17:15:38
227,Patrick,Cross,garciamichael@example.com,FCCCAN,,,Uganda,Africa,2024-03-12 02:03:12
228,Patrick,Li,,FCCYAR,(721)589-0927,female,Cameroon,Africa,2026-04-13 18:01:25
229,Kaitlin,Gillespie,,YADO,,male,Cameroon,Africa,2026-03-26 02:28:52
230,Glenda,Heath,mosleydonald@example.org,Zanmi Latè,,male,Uganda,Africa,2026-02-12 22:24:41
231,Jessica,Bell,iedwards@example.org,YADO,513-889-9940x438,male,Kenya,Africa,2024-11-13 04:06:32
232,Debbie,Bowers,,Zanmi Latè,276.713.7918,,Philippines,Asia,2024-12-15 16:27:30
233,David,Valencia,,FCCFED,001-365-282-7109,male,Philippines,Asia,2024-09-22 08:28:42
234,Jason,Livingston,ohunter@example.net,FCCYAR,,female,Uganda,Africa,2025-09-28 09:57:43
235,Katie,Henderson,,FCCYAR,(718)889-2414x1832,female,Philippines,Asia,2026-02-08 01:27:53
236,Cynthia,Davenport,,YADO,+1-614-463-0316x17990,female,Belize,North America,2024-02-13 14:39:39
237,Alexander,Taylor,,FCC,,female,Uganda,Africa,2023-08-29 16:41:02
238,Frank,Benton,,FCCYAR,684.325.2410x56481,,Kenya,Africa,2025-09-20 19:13:29
239,Spencer,Ward,,FCCFED,292.552.4191x3800,male,Kenya,Africa,2023-10-22 11:49:06
240,Thomas,Reyes,,YARDO,(720)686-3536,male,Sierra Leone,Africa,2023-12-11 01:20:35
241,Ashley,Wilson,,FCCFED,+1-902-238-0617x44518,female,Belize,North America,2025-03-07 03:48:48
242,James,Elliott,,FCCCAN,293-575-9738x3206,male,Uganda,Africa,2025-11-30 07:46:16
243,Michael,Franco,tapiaaaron@example.net,FCC,(541)838-3670x2410,male,Kenya,Africa,2026-08-04 18:58:09
244,Paula,Ellis,,FCCYAR,001-519-618-2619x9062,,Belize,North America,2024-09-20 11:57:00
245,Melissa,Howe,vhaynes@example.com,YADO,774-831-3291x21277,,Belize,North America,2024-02-15 14:53:40
246,Amanda,Oconnell,,FCCFED,,female,India,Asia,2024-06-29 14:44:32
247,Shannon,Ford,,FCC,,female,Cameroon,Africa,2024-02-14 08:12:15
248,Christopher,Aguirre,,Zanmi Latè,690-435-2135x6804,male,Cameroon,Africa,2023-09-29 08:19:37
249,Stephanie,Bond,,YARDO,+1-283-517-1210,,Cameroon,Africa,2024-03-02 02:55:12
250,James,Morales,,FCCYAR,+1-219-994-1013x72151,male,Belize,North America,2023-10-29 17:24:47
251,Gary,Berry,,FCCCAN,,male,Belize,North America,2025-04-16 16:07:16
252,Tyler,Reyes,,FCCFED,(625)932-4472x09993,male,Philippines,Asia,2025-05-13 01:41:07
253,Nicole,Mendoza,ramirezderrick@example.org,FCCCAN,+1-783-880-6578x7598,male,Belize,North America,2024-10-05 04:04:33
254,Hector,Flores,,YARDO,404.307.8593,male,Cameroon,Africa,2024-08-31 02:17:00
255,Diane,Adams,,FCCFED,,,Belize,North America,2023-11-06 21:55:42
256,Kathryn,Gould,,FCCYAR,,male,Philippines,Asia,2026-01-22 08:51:36
257,Meghan,Salinas,savannah22@example.org,YARDO,,female,Philippines,Asia,2026-02-17 12:13:52
258,Louis,Rojas,robin05@example.net,FCCFED,,male,India,Asia,2026-01-03 14:16:32
259,Douglas,Vaughan,lweaver@example.com,YADO,,female,India,Asia,2023-10-10 00:53:37
260,Christopher,Hall,andrewwoods@example.com,FCCFED,,male,Uganda,Africa,2026-03-23 02:06:23
261,James,Anderson,samantharichard@example.com,Zanmi Latè,7028921851,male,Sierra Leone,Africa,2026-02-07 09:47:15
262,Craig,Turner,,FCCFED,(526)475-2895,male,India,Asia,2025-03-21 20:41:05
263,Kurt,Barker,,Zanmi Latè,(720)596-9029,female,India,Asia,2026-05-01 17:15:46
264,Ariana,Zuniga,markmiller@example.com,Zanmi Latè,221-857-0433x15410,male,Philippines,Asia,2025-06-22 19:32:01
265,Jessica,Costa,ysnyder@example.com,YADO,+1-261-679-3271,female,India,Asia,2023-09-12 06:03:53
266,Lucas,Lynn,,FCC,,male,Cameroon,Africa,2023-12-05 07:53:39
267,Matthew,Barron,jessicapayne@example.org,YARDO,,,Kenya,Africa,2025-01-18 01:12:49
268,Brooke,Austin,,FCCCAN,606.629.6201x5336,male,Sierra Leone,Africa,2024-11-16 01:24:09
269,John,Williams,,FCCFED,001-687-920-5061,male,Cameroon,Africa,2024-06-17 05:55:08
270,Collin,Clark,,YARDO,+1-441-771-4677x4186,female,Kenya,Africa,2025-03-26 14:48:36
271,Mike,Griffin,scott43@example.com,FCCYAR,001-502-211-5869,male,Uganda,Africa,2025-04-04 09:51:50
272,Loretta,Barnes,,FCCYAR,+1-479-337-4160,,India,Asia,2025-07-09 14:55:03
273,Gerald,Joyce,,FCC,632.706.1632,male,Sierra Leone,Africa,2023-11-24 03:53:22
274,Christopher,Hawkins,,FCCYAR,+1-854-387-0998,female,India,Asia,2025-05-16 21:02:07
275,Edward,Knight,buckleyanna@example.org,YARDO,885-464-6799x7024,,Uganda,Africa,2026-03-29 11:19:40
276,Charlotte,Steele,,YADO,7656307450,,Cameroon,Africa,2024-12-07 02:31:58
277,Juan,Vasquez,,YARDO,,,Cameroon,Africa,2026-07-28 13:04:49
278,Gail,Compton,dennismccann@example.com,FCCCAN,001-454-369-1373x67850,,Kenya,Africa,2024-12-07 09:00:44
279,Jenna,Powell,,YARDO,001-689-702-3303x07053,female,Sierra Leone,Africa,2025-08-02 04:49:17
280,William,Reid,,FCCCAN,,,Belize,North America,2024-02-20 11:49:03
281,Erin,Allen,,Zanmi Latè,297.827.9855x2414,male,Cameroon,Africa,2023-10-28 04:37:40
282,Frank,Armstrong,,Zanmi Latè,,,Kenya,Africa,2024-07-09 23:52:43
283,Mercedes,Holland,josephortiz@example.org,FCCCAN,,male,Uganda,Africa,2026-07-06 19:45:08
284,Alan,Buck,,FCC,+1-629-503-4944x6657,male,Uganda,Africa,2025-08-06 01:15:57
285,Kevin,Meyer,,YARDO,+1-369-910-8589x944,male,India,Asia,2023-11-19 05:31:14
286,Matthew,Hill,,FCC,944-643-2830x96520,male,Uganda,Africa,2024-09-18 01:36:54
287,Rebecca,Sullivan,,YARDO,,,India,Asia,2023-10-05 22:17:26
288,Brandy,Cooley,,FCCYAR,,female,India,Asia,2024-06-02 02:03:11
289,Matthew,Reeves,,FCC,,male,Sierra Leone,Africa,2026-07-13 05:17:47
290,Amanda,Glover,william28@example.org,Zanmi Latè,817-724-8251x3534,female,Cameroon,Africa,2025-03-11 10:49:41
291,Jorge,Carter,,FCCCAN,,male,Kenya,Africa,2024-02-11 00:42:51
292,Thomas,Delacruz,,FCCYAR,,male,Uganda,Africa,2026-02-03 14:44:29
293,Betty,Oliver,,YARDO,838.916.8460x2235,male,Cameroon,Africa,2024-03-21 13:17:10
294,Leslie,Baldwin,,Zanmi Latè,001-917-352-5007x43292,male,Sierra Leone,Africa,2024-02-29 02:06:23
295,Christina,Schultz,epatterson@example.com,FCCCAN,2082350583,male,Cameroon,Africa,2026-04-11 14:05:05
296,Jessica,Perez,larry16@example.net,FCCCAN,001-742-810-4478,,Sierra Leone,Africa,2026-07-13 22:31:21
297,Wendy,Cooper,,YADO,453.326.0332x3098,male,Philippines,Asia,2025-03-03 13:01:21
298,Jennifer,Conner,,FCCCAN,(848)390-9010x0167,female,Kenya,Africa,2025-12-09 05:40:08
299,Johnny,Miles,,FCC,404.861.8499,female,Kenya,Africa,2024-01-22 00:59:20
300,William,Williamson,,FCCCAN,,,India,Asia,2024-10-24 05:34:30
301,Daniel,Rodriguez,,FCCYAR,493.248.3564,female,Philippines,Asia,2025-12-10 13:35:49
302,Tyler,Clark,arivera@example.org,FCCCAN,,,Kenya,Africa,2026-06-20 09:48:03
303,Christopher,Rodriguez,,Zanmi Latè,001-972-618-1143,male,Kenya,Africa,2024-09-25 08:47:50
304,Steven,Garcia,,FCCCAN,(204)455-6110,male,Sierra Leone,Africa,2026-06-07 13:10:14
305,Deborah,Murphy,,YADO,894.915.5216x674,male,Sierra Leone,Africa,2025-05-28 05:06:10
306,Deborah,Robles,andersonjessica@example.org,FCC,,male,Kenya,Africa,2024-01-20 04:12:27
307,Robert,Garza,,Zanmi Latè,001-972-996-5902,female,Cameroon,Africa,2024-02-03 12:07:01
308,Paige,Alexander,greenleon@example.net,YADO,+1-889-493-5889x16375,female,Sierra Leone,Africa,2025-12-26 10:05:04
309,Patricia,Salazar,,FCC,,female,Kenya,Africa,2023-08-30 03:39:17
310,Dawn,Moore,,YADO,,male,Belize,North America,2025-08-10 01:51:44
311,Melissa,Booth,,FCCFED,875-835-4083,,Cameroon,Africa,2024-08-11 02:56:16
312,Christian,Wallace,,FCCCAN,001-371-877-5170,male,Uganda,Africa,2025-05-13 14:35:53
313,Barry,Dunn,,YADO,799-248-8375,,Uganda,Africa,2024-07-23 08:29:32
314,Megan,Rivera,,FCC,001-799-375-7113x05548,male,Cameroon,Africa,2023-10-22 04:14:03
315,Penny,Vasquez,,YADO,001-761-349-3316x373,female,Kenya,Africa,2025-05-16 22:04:38
316,Brandon,Schultz,bartonshannon@example.net,FCCFED,001-982-470-8086,female,Sierra Leone,Africa,2026-07-21 18:20:11
317,Beth,Cross,dalesandoval@example.net,Zanmi Latè,686-769-3465x47226,female,Belize,North America,2025-12-19 00:31:09
318,Cynthia,Harris,glenda22@example.net,FCCFED,+1-651-858-7996,male,Uganda,Africa,2023-08-31 21:37:19
319,Alexandra,Johnson,brianbrown@example.com,FCCYAR,001-524-842-0438x05719,female,India,Asia,2024-08-15 03:42:14
320,William,Robles,,YARDO,001-940-566-6580x043,male,India,Asia,2026-04-22 14:51:01
321,Janet,Holland,,YARDO,001-898-293-3472x12281,female,Uganda,Africa,2025-06-07 17:25:55
322,Joshua,Baker,,YADO,(794)205-7202,male,Kenya,Africa,2026-04-09 12:51:42
323,Christina,Stanley,,FCCCAN,,female,Sierra Leone,Africa,2025-09-12 02:34:02
324,Kristy,Pierce,,Zanmi Latè,,female,Philippines,Asia,2023-12-03 06:41:44
325,Kristen,Stewart,susanmeyer@example.net,FCCFED,(768)786-1533,male,Uganda,Africa,2025-02-22 13:01:14
326,Kelly,Clements,wbarajas@example.net,YADO,7158739930,male,India,Asia,2024-02-04 04:23:34
327,Paul,Fernandez,,FCC,308-358-8770x4358,female,Sierra Leone,Africa,2024-04-28 02:26:00
328,Teresa,Ayala,simsjason@example.net,FCCFED,001-336-213-8612x07501,female,India,Asia,2024-05-14 13:31:53
329,Laura,Grant,,YADO,001-234-866-7665,male,Kenya,Africa,2026-06-22 23:53:56
330,David,Smith,,Zanmi Latè,,female,Cameroon,Africa,2026-03-29 15:14:16
331,Bryan,Reese,haynescharles@example.net,Zanmi Latè,244-991-4766,male,India,Asia,2024-04-10 21:39:51
332,Amanda,Taylor,,YARDO,,male,Cameroon,Africa,2025-04-10 10:45:43
333,Laura,Atkinson,susan24@example.net,Zanmi Latè,001-350-688-2100x9968,female,Uganda,Africa,2024-07-03 08:50:31
334,Kaitlin,Berger,,YADO,(436)282-2239x431,male,India,Asia,2025-12-11 16:09:19
335,Steven,Dunn,,YARDO,,female,India,Asia,2024-11-05 13:49:10
336,Emily,King,,YARDO,,male,India,Asia,2024-06-13 17:45:50
337,Jessica,Freeman,,YADO,652-431-4913x57759,male,Cameroon,Africa,2026-01-06 14:48:35
338,Ashley,Aguirre,ujackson@example.org,FCC,764.652.5777,female,India,Asia,2025-09-06 13:06:42
339,Andrea,Thompson,wilkinsonmichele@example.org,YADO,,male,India,Asia,2025-11-25 18:38:19
340,James,Gross,,FCCCAN,+1-611-908-0996x9308,,Philippines,Asia,2026-05-23 20:57:54
341,Kimberly,Diaz,,Zanmi Latè,794.227.8816,male,India,Asia,2026-06-06 11:56:51
342,John,Maynard,,YADO,,female,Philippines,Asia,2026-03-22 22:25:23
343,Gabrielle,Todd,,FCC,,female,India,Asia,2024-03-17 02:54:05
344,Sean,White,,FCC,001-627-750-3731,male,Philippines,Asia,2024-08-09 14:21:04
345,Brad,Clark,,FCCFED,(467)870-0518x449,male,Cameroon,Africa,2026-05-23 12:17:05
346,Nicholas,Matthews,,YARDO,984-963-8655,female,Cameroon,Africa,2026-03-07 16:07:15
347,Adam,Macias,,Zanmi Latè,323.518.4322x259,male,Belize,North America,2025-05-17 03:25:16
348,Lisa,Cortez,,FCCFED,,female,Uganda,Africa,2025-08-29 01:44:40
349,Emma,Mendoza,,Zanmi Latè,001-426-403-0299,male,Cameroon,Africa,2026-04-16 00:28:15
350,William,Macdonald,brianscott@example.org,Zanmi Latè,869.490.4137x97723,,Philippines,Asia,2026-02-02 04:07:30
351,Lori,White,,YADO,+1-284-525-7991x36621,female,Cameroon,Africa,2025-11-01 01:35:38
352,Michele,Gordon,,FCCCAN,,female,Belize,North America,2025-05-25 04:35:42
353,Margaret,Jacobs,,FCCYAR,(979)490-8811,,India,Asia,2026-03-06 12:40:06
354,Amber,Smith,,YADO,001-368-865-0863x76599,,Philippines,Asia,2024-03-07 01:01:36
355,Jonathan,Cannon,,FCC,349-286-4300,,Uganda,Africa,2025-03-16 15:37:48
356,Diamond,Watts,,Zanmi Latè,665-812-6944x86959,,Sierra Leone,Africa,2024-06-23 11:45:10
357,Robert,Bowers,jwhite@example.net,FCCCAN,844.795.6213x7213,,Philippines,Asia,2025-12-14 08:28:18
358,Christina,Cohen,martintamara@example.org,Zanmi Latè,727-396-1143,,Cameroon,Africa,2026-03-15 03:44:40
359,Benjamin,Cruz,,FCC,(598)249-0277x0384,female,Uganda,Africa,2026-02-28 09:02:19
360,William,Hale,,YARDO,+1-820-553-0214x656,female,Cameroon,Africa,2025-10-24 08:20:59
361,Alexis,Padilla,,FCC,584-989-5543,male,Sierra Leone,Africa,2025-04-30 14:05:29
362,Bailey,Green,,YADO,(981)881-8451x84894,female,Kenya,Africa,2026-01-02 21:57:00
363,Timothy,Sanchez,,FCCFED,777-290-7141x63356,,Sierra Leone,Africa,2026-08-04 17:54:43
364,Marilyn,Wright,,FCCFED,,male,India,Asia,2024-01-03 13:08:44
365,Raymond,Goodman,,FCCCAN,518-527-5539x42373,female,Philippines,Asia,2024-09-27 08:31:56
366,Jamie,Harris,marykelly@example.org,FCCCAN,717-990-8075,male,Uganda,Africa,2026-01-20 13:08:15
367,Misty,Henry,,Zanmi Latè,,,Belize,North America,2025-10-14 01:56:45
368,Juan,Walker,brianlloyd@example.com,Zanmi Latè,,female,India,Asia,2025-11-29 02:47:35
369,Antonio,Reed,,YARDO,+1-727-618-7500x36915,female,Kenya,Africa,2024-05-28 19:03:05
370,Amy,Young,,Zanmi Latè,995.452.7636x5564,female,Uganda,Africa,2026-01-15 17:12:04
371,David,Johnston,,FCCFED,414.938.6632,,Cameroon,Africa,2023-08-27 04:43:18
372,Gregory,Porter,,FCCYAR,,,Cameroon,Africa,2026-04-17 17:54:46
373,Zachary,Le,,Zanmi Latè,,female,Belize,North America,2025-09-06 00:01:07
374,Kevin,Hart,,FCCCAN,001-306-912-0347,male,Philippines,Asia,2025-01-12 22:24:10
375,Jordan,Ward,,YARDO,+1-445-606-1593,,Uganda,Africa,2025-02-13 16:55:38
376,Mark,Dixon,,YARDO,001-371-369-4722x56996,male,Belize,North America,2024-04-19 17:16:53
377,Matthew,Edwards,,FCCFED,+1-444-296-4759x8762,,Sierra Leone,Africa,2024-02-22 07:19:42
378,Jessica,Stanley,,YARDO,001-313-326-1117x8006,female,Sierra Leone,Africa,2024-09-22 18:25:56
379,Christine,Miller,,FCCFED,(743)934-7228x2005,female,India,Asia,2025-08-06 19:44:16
380,Theresa,Fernandez,,FCCFED,,male,Cameroon,Africa,2024-10-08 05:50:55
381,Amy,Taylor,brittanybryant@example.net,Zanmi Latè,+1-796-888-4578x3174,male,India,Asia,2024-09-18 15:48:41
382,Eric,Smith,,FCCCAN,,female,Philippines,Asia,2025-11-02 00:08:46
383,Lisa,Charles,,YARDO,,male,Sierra Leone,Africa,2025-01-27 06:27:42
384,Justin,Nichols,,FCCFED,001-577-840-6493x085,male,Kenya,Africa,2025-12-29 20:29:02
385,Samuel,Wright,oclayton@example.com,FCCYAR,863-589-4484,male,Belize,North America,2023-11-26 10:01:26
386,Ian,Roberts,,YADO,+1-279-474-9735x0208,male,Kenya,Africa,2024-01-17 22:32:05
387,Julian,Martinez,,YARDO,703.912.0735x647,male,Uganda,Africa,2026-07-29 17:06:55
388,Lacey,Rivera,,FCC,001-520-846-1872x34601,male,Sierra Leone,Africa,2025-06-30 04:17:01
389,John,Vang,,YARDO,,female,India,Asia,2024-06-16 11:28:00
390,Steven,Wise,,FCCYAR,537.764.5208x81474,male,Uganda,Africa,2023-10-31 23:27:57
391,Michelle,Robinson,,FCCFED,836-550-2491,female,Kenya,Africa,2023-08-25 22:25:54
392,Tanya,Perkins,jbarker@example.com,Zanmi Latè,001-413-927-1950x05281,male,Sierra Leone,Africa,2024-08-07 12:14:30
393,Levi,Grant,,YARDO,,female,India,Asia,2026-05-09 11:38:48
394,Katherine,Trujillo,,FCCFED,,female,Sierra Leone,Africa,2025-06-23 14:07:43
395,Jessica,Smith,,FCCCAN,(452)740-7784x8739,female,India,Asia,2024-12-26 21:12:01
396,Jessica,Hill,,FCCCAN,+1-282-818-2744x857,male,Uganda,Africa,2024-05-26 06:43:20
397,Nicole,Harvey,kimberly35@example.net,FCCCAN,,female,India,Asia,2023-11-18 11:03:16
398,Dominique,Ryan,,FCCFED,(338)278-2945x6511,,India,Asia,2024-02-29 15:50:17
399,Gregory,Johnson,washingtoncorey@example.net,YADO,,male,Philippines,Asia,2026-05-04 23:44:20
400,Mary,Barrett,,FCCFED,299.740.5391x03717,male,India,Asia,2025-12-25 21:59:31
401,Julia,Zamora,laura09@example.com,FCC,501.441.3811x38633,,Cameroon,Africa,2025-12-26 13:02:20
402,Kara,Perry,,FCCCAN,895-776-1228,male,Uganda,Africa,2026-05-29 12:04:05
403,Eric,Murillo,,YADO,555.885.5665x939,male,Uganda,Africa,2025-12-13 19:53:18
404,Sara,King,zwest@example.org,FCCFED,001-204-690-8240x4335,female,India,Asia,2025-12-19 03:33:40
405,William,Duncan,clintonstevens@example.org,YADO,(845)593-3441,male,Uganda,Africa,2023-12-09 23:47:08
406,Jennifer,Mcguire,,FCC,(379)219-4096,male,Belize,North America,2025-01-12 12:27:08
407,Michael,Montoya,,FCCFED,(713)590-6048x05892,female,Kenya,Africa,2024-04-06 01:07:08
408,Brent,Dennis,wmaddox@example.net,FCC,001-781-336-4622,male,Cameroon,Africa,2025-08-20 06:39:00
409,Ashley,Williams,,YADO,(541)568-6227x8376,,Belize,North America,2024-08-22 11:39:51
410,Charles,Frank,,FCC,491-716-6553x55904,female,India,Asia,2026-03-26 07:53:11
411,Lorraine,Lang,,FCCFED,+1-427-603-3521x103,male,Cameroon,Africa,2023-09-02 09:31:01
412,Matthew,Brock,,FCCCAN,977-405-3833x8848,female,Philippines,Asia,2026-07-26 19:37:59
413,Holly,Smith,,Zanmi Latè,001-680-242-0439,male,Cameroon,Africa,2025-08-03 08:29:54
414,Diana,Smith,,Zanmi Latè,,male,Uganda,Africa,2025-04-06 19:14:38
415,Donna,Alvarado,,FCC,,,Kenya,Africa,2026-06-02 11:49:42
416,Michael,Rodriguez,,Zanmi Latè,963-268-1579x8123,male,Philippines,Asia,2023-10-12 19:34:47
417,John,Moreno,,FCCCAN,876-220-5554x38404,male,Kenya,Africa,2025-12-21 03:08:28
418,Stacy,Perez,,FCCCAN,762-916-8936x39264,,India,Asia,2025-12-01 09:26:32
419,David,Delgado,,YARDO,001-483-724-8262,female,Belize,North America,2023-11-25 09:47:36
420,Angela,Fry,whitemary@example.org,YARDO,001-205-666-4742x3122,male,Belize,North America,2026-03-09 20:04:31
421,Ashley,Hall,,FCCYAR,930.751.7289,,Philippines,Asia,2024-05-23 20:38:34
422,Melissa,Henry,,YARDO,,male,Philippines,Asia,2024-03-12 16:20:55
423,Frank,Perez,,YADO,,female,Kenya,Africa,2025-05-07 18:48:38
424,Kathy,Smith,,YARDO,,male,Cameroon,Africa,2024-10-04 06:33:51
425,Stephanie,Walker,,YARDO,+1-833-712-7975x73660,,Cameroon,Africa,2025-04-15 08:30:22
426,Cheryl,Newton,,FCC,+1-888-208-1770x388,female,India,Asia,2025-12-25 10:06:04
427,Paul,Hubbard,,YARDO,8346764472,male,India,Asia,2026-03-21 12:48:19
428,Samantha,Vaughn,,FCCFED,(477)818-1298,male,India,Asia,2025-05-15 12:06:40
429,Marcus,Johnson,tgarza@example.org,FCCFED,814.452.1117x518,,India,Asia,2025-03-22 07:39:55
430,Andrea,Williams,,FCC,(659)622-2206,,Sierra Leone,Africa,2025-07-05 07:12:56
431,Keith,White,,FCCFED,,,Philippines,Asia,2024-03-03 10:49:34
432,Susan,Smith,alexander77@example.net,Zanmi Latè,9973339776,,Philippines,Asia,2026-03-03 00:28:51
433,Carol,Sanchez,,FCCCAN,+1-749-283-0220,,Sierra Leone,Africa,2024-03-24 21:27:13
434,Melissa,Estrada,mark10@example.org,FCC,(622)749-9982x79501,male,Philippines,Asia,2025-03-06 14:46:00
435,Priscilla,Wilkins,ebridges@example.com,FCC,,male,Sierra Leone,Africa,2025-08-12 10:49:37
436,Dennis,Neal,mark68@example.org,YARDO,001-739-601-9817x946,female,Sierra Leone,Africa,2025-11-05 05:30:26
437,Barbara,Hanson,,Zanmi Latè,(599)678-7729,female,India,Asia,2024-06-07 17:46:21
438,Aaron,Johnson,,YARDO,+1-613-696-6055x8303,,Kenya,Africa,2023-11-25 10:36:52
439,Kyle,Hunter,,FCCCAN,901-255-6990x23557,female,Cameroon,Africa,2026-05-11 01:09:44
440,Derek,Moore,imcclain@example.com,Zanmi Latè,,male,Sierra Leone,Africa,2025-07-30 11:38:12
441,Kristen,Gutierrez,,FCC,001-308-449-5880x3955,female,Uganda,Africa,2024-10-20 17:48:37
442,Mary,Morgan,ksims@example.net,FCCFED,+1-562-791-4504x617,male,Uganda,Africa,2025-07-14 01:47:30
443,Maria,Turner,,YARDO,542.715.0317x80782,female,Cameroon,Africa,2025-09-01 02:38:35
444,Jessica,Mills,,FCCFED,001-252-318-2307x68104,,India,Asia,2025-01-10 19:26:43
445,Steven,Williams,,FCCYAR,340.694.3533x44857,male,Belize,North America,2024-03-31 00:34:58
446,Eric,Wilson,clarkmichael@example.com,YADO,224-493-2149x587,female,Cameroon,Africa,2023-09-26 02:25:42
447,Thomas,Lowe,reyeschristopher@example.com,YARDO,,,Kenya,Africa,2024-05-16 02:28:20
448,Janet,Vance,tjensen@example.com,FCCCAN,981.679.2171,male,Belize,North America,2026-07-10 08:41:28
449,Deanna,Miranda,,YADO,233.329.4562x5577,female,Philippines,Asia,2025-08-19 11:15:08
450,Daniel,Mendoza,,FCCYAR,(345)799-2816,female,Belize,North America,2025-12-23 00:16:20
451,Debra,Sparks,amorales@example.org,YARDO,+1-738-527-6153x966,male,Sierra Leone,Africa,2024-05-06 22:35:46
452,Elaine,Miller,mwilson@example.com,FCCYAR,281-372-4619x19657,female,Philippines,Asia,2024-07-15 02:39:27
453,Lisa,Clay,shermandonna@example.com,YARDO,+1-646-699-7335,female,Belize,North America,2025-06-17 09:18:04
454,Jennifer,Herman,,Zanmi Latè,,male,Sierra Leone,Africa,2023-12-28 18:22:42
455,Brandi,Carr,sabbott@example.org,Zanmi Latè,(880)708-5140x369,male,Uganda,Africa,2025-03-28 16:56:02
456,Richard,Graham,,FCC,427.623.8656,,Cameroon,Africa,2026-06-17 23:22:37
457,David,Smith,,FCCFED,+1-402-976-2126x7969,male,India,Asia,2025-10-11 09:52:02
458,Roger,Wilkins,lkelly@example.com,Zanmi Latè,+1-209-973-8468x950,female,Philippines,Asia,2026-08-11 01:25:43
459,Miguel,Carpenter,,FCCCAN,,female,Philippines,Asia,2026-07-19 17:06:24
460,Christopher,Cross,steven18@example.net,YADO,,,Uganda,Africa,2023-12-27 11:01:18
461,John,Mccoy,,FCCYAR,+1-718-894-9058x07787,female,Sierra Leone,Africa,2025-02-10 07:06:37
462,Susan,Yates,gary94@example.net,FCCCAN,001-240-679-2904,female,Kenya,Africa,2025-09-03 02:40:21
463,Christopher,Wagner,johnathan94@example.com,FCCYAR,,female,Cameroon,Africa,2024-09-14 05:30:23
464,Alexis,Rodriguez,,YARDO,,male,Uganda,Africa,2024-05-09 07:34:43
465,Renee,Stevenson,lwood@example.com,FCCCAN,001-837-828-0512x927,,India,Asia,2024-08-15 16:49:34
466,Donna,Barber,,YARDO,(939)850-4102,female,Philippines,Asia,2025-08-20 20:42:59
467,Kevin,Reese,,FCCFED,001-783-266-7428x60476,female,India,Asia,2024-01-10 07:30:27
468,Samantha,Walsh,pbishop@example.com,FCC,744-214-9673x93852,male,India,Asia,2026-06-22 05:22:27
469,Alan,Jones,gdavis@example.net,FCCFED,553.344.3009x109,female,Philippines,Asia,2024-02-14 10:34:25
470,Christopher,Jacobs,,FCCCAN,,female,Kenya,Africa,2025-03-18 02:14:57
471,Diana,Yoder,,FCCCAN,,,Sierra Leone,Africa,2026-01-07 10:04:38
472,Linda,Lopez,dominguezjon@example.com,FCCCAN,,male,Belize,North America,2026-06-03 01:54:05
473,Sharon,Fowler,,Zanmi Latè,,male,Uganda,Africa,2024-10-14 09:49:43
474,Kayla,Schwartz,jonathan14@example.org,Zanmi Latè,(465)904-4271x7396,female,Uganda,Africa,2024-01-27 12:05:01
475,Douglas,Mack,,FCCFED,691.974.1011,male,Sierra Leone,Africa,2023-09-10 05:06:17
476,Peggy,Hernandez,,YADO,,female,Sierra Leone,Africa,2026-05-02 18:55:55
477,Aaron,Johnson,sadams@example.com,FCCYAR,,male,Philippines,Asia,2025-04-10 23:21:22
478,Autumn,Robertson,,YARDO,001-777-766-1830x67198,male,Kenya,Africa,2026-07-06 06:10:53
479,Kevin,Brown,diazmelissa@example.com,FCCFED,,female,Philippines,Asia,2023-12-15 01:08:56
480,Maureen,Hodges,deborah28@example.org,FCC,,male,Cameroon,Africa,2025-03-30 20:09:45
481,Donna,Evans,,FCCCAN,(915)871-7320x3093,,Uganda,Africa,2023-11-17 22:02:17
482,Laura,Schneider,zferguson@example.com,YADO,,male,Sierra Leone,Africa,2023-09-06 13:37:15
483,Benjamin,Brown,,FCCYAR,,female,Uganda,Africa,2023-10-17 13:44:39
484,Richard,Lewis,,YADO,+1-287-582-9310x2707,,Cameroon,Africa,2026-08-05 11:44:34
485,Deborah,Smith,,YARDO,+1-504-317-9291x1179,male,Uganda,Africa,2024-06-21 20:30:43
486,Ronald,Cain,rnguyen@example.net,FCC,+1-325-630-9251,male,Cameroon,Africa,2024-03-18 11:11:32
487,Katherine,Jackson,,Zanmi Latè,,female,Kenya,Africa,2025-03-08 17:23:37
488,Angela,Gonzales,andersonkylie@example.net,Zanmi Latè,+1-862-907-1002x194,male,Kenya,Africa,2026-07-22 14:29:32
489,David,Thomas,,YADO,387-663-2909x279,,Cameroon,Africa,2025-02-02 10:25:25
490,Robert,Grant,,Zanmi Latè,,female,Cameroon,Africa,2024-06-05 04:09:36
491,David,Moreno,,YARDO,295-588-3734,male,Kenya,Africa,2024-02-03 02:29:05
492,Laura,Jennings,,YARDO,,male,Sierra Leone,Africa,2025-08-18 00:53:43
493,Tyler,Moore,,FCC,9052436459,male,Belize,North America,2024-01-21 06:36:12
494,Joy,Buckley,,FCCYAR,,female,Cameroon,Africa,2024-05-11 07:04:05
495,Eric,Johnson,,YADO,511.337.9956x35315,female,Sierra Leone,Africa,2024-08-14 09:54:57
496,Joan,Kane,,YADO,(831)779-7062x3972,female,Philippines,Asia,2024-03-10 23:02:07
497,Stephen,Lee,theresa35@example.org,FCCYAR,4907421776,female,Cameroon,Africa,2024-07-18 14:14:15
498,Olivia,Munoz,,FCCCAN,+1-992-698-3168x7397,,Belize,North America,2023-09-03 14:14:44
499,Jessica,Fitzgerald,johnhamilton@example.org,Zanmi Latè,001-229-806-0078,female,Kenya,Africa,2025-11-14 03:09:21
500,Phillip,Pacheco,chavezjohn@example.net,YADO,,male,India,Asia,2023-08-31 08:39:55
